dataset,query_dims,k,build_time,build_als,build_stitch,formula_stitch,n_tuckers,n_floats,raw_floats,query_time,query_stitch,err_tree,err_als
AirQuality,[],0,0.1155557909514755,256,255,255,511,124200,12288,0.0011563748315287132,1.0,0.06759118599196275,0.06166456577678522
AirQuality,[1],1,1.4710065410472453,2048,5617,5617,7665,1593192,12288,0.000837305347279956,2.0,0.018933609357191017,0.01790286818019619
AirQuality,[2],1,1.0624167500063777,1536,4085,4085,5621,1276264,12288,0.0011624655065437157,3.3333333333333335,0.057754013066490494,0.04971227360268434
AirQuality,"[1, 2]",2,16.839585166075267,12288,72027,72027,84315,16176072,12288,0.0013647640007548034,4.833333333333333,0.011389223679998395,0.01060734351295641
Traffic,[],0,0.09799583407584578,256,255,255,511,128288,16384,0.0003966459577592711,1.0,0.16009544829527536,0.15067049115896225
Traffic,[1],1,1.4761853340314701,2048,5617,5617,7665,1654512,16384,0.000723284863245984,2.0,0.1355137974023819,0.12662592778603235
Traffic,[2],1,1.456416332977824,2048,5617,5617,7665,1744448,16384,0.001170326645175616,2.5,0.12944396461049715,0.12521235644817352
Traffic,"[1, 2]",2,22.966055541997775,16384,98591,98591,114975,22119600,16384,0.0021591041586361825,7.833333333333333,0.08376391977071762,0.08095370419323444
USStock,[],0,0.09247337491251528,256,255,255,511,128288,16384,0.0004122988320887089,1.0,0.07617346569895744,0.072121636942029
USStock,[1],1,0.891685500042513,2048,5617,5617,7665,1654512,16384,0.000710166486290594,2.0,0.061608258013923965,0.059956165651480355
USStock,[2],1,1.4778422090457752,2048,5617,5617,7665,1744448,16384,0.0009412013459950686,2.5,0.0289555966980591,0.028610607507912295
USStock,"[1, 2]",2,13.37966004095506,16384,98591,98591,114975,22119600,16384,0.0016791388237227995,7.833333333333333,5.399189670166986e-06,2.702299894963289e-07
KRStock,[],0,0.10196120804175735,256,255,255,511,128288,16384,0.0004731526714749634,1.0,0.16107483704884848,0.14593544726570448
KRStock,[1],1,1.571989333955571,2048,5617,5617,7665,1654512,16384,0.0007489931886084378,2.0,0.068861555463324,0.0666568234252433
KRStock,[2],1,1.560839708079584,2048,5617,5617,7665,1744448,16384,0.0009618679760023952,2.5,0.07306016189977527,0.07069125818088651
KRStock,"[1, 2]",2,22.700826207990758,16384,98591,98591,114975,22119600,16384,0.0021023888451357684,7.833333333333333,0.008986695102066733,0.008881063541290738
