dataset,k,query_dims,t0,t1,ranges,hits,time,stitch,partial,err_tree,err_als
AirQuality,0,[],29,47,{},2,0.0019379580626264215,1,2,0.03986947610974312,0.03718089684844017
AirQuality,0,[],14,27,{},3,0.00038466695696115494,1,1,0.03808872774243355,0.03914804384112358
AirQuality,0,[],2,11,{},2,0.0002905830042436719,1,2,0.023670654743909836,0.022059738636016846
AirQuality,0,[],0,6,{},1,0.00041791703552007675,1,1,0.02232157066464424,0.01448777038604021
AirQuality,0,[],47,54,{},2,0.00028124998789280653,1,1,0.037418048828840256,0.030057383701205254
AirQuality,0,[],45,60,{},2,0.0002772079315036535,1,2,0.03698444366455078,0.02736683376133442
AirQuality,1,[1],31,44,"{1: (2, 4)}",2,0.0003391250502318144,1,1,0.02626963146030903,0.016002260148525238
AirQuality,1,[1],30,46,"{1: (1, 4)}",2,0.0007844589417800307,3,2,0.019596796482801437,0.018882066011428833
AirQuality,1,[1],12,31,"{1: (2, 4)}",2,0.00028679100796580315,1,1,0.021180016919970512,0.017540298402309418
AirQuality,1,[1],0,15,"{1: (1, 4)}",1,0.0005197919672355056,2,2,0.016012199223041534,0.015430586412549019
AirQuality,1,[1],1,14,"{1: (2, 4)}",1,0.00026549992617219687,1,1,0.00802422035485506,0.007864514365792274
AirQuality,1,[1],41,57,"{1: (0, 2)}",3,0.00037633301690220833,1,1,0.008071791380643845,0.008067375048995018
AirQuality,1,[2],1,19,"{2: (1, 3)}",2,0.0007986250566318631,3,4,0.022136054933071136,0.023461347445845604
AirQuality,1,[2],26,35,"{2: (1, 3)}",2,0.0007482079090550542,3,4,0.04502334073185921,0.03388459235429764
AirQuality,1,[2],0,5,"{2: (0, 2)}",2,0.0002487091114744544,1,0,0.0010182212572544813,0.0010182118276134133
AirQuality,1,[2],26,41,"{2: (1, 3)}",3,0.0010383339831605554,4,2,0.04964461177587509,0.038774218410253525
AirQuality,1,[2],38,52,"{2: (1, 3)}",3,0.0010211669141426682,4,0,0.050251975655555725,0.031451426446437836
AirQuality,1,[2],36,56,"{2: (2, 4)}",2,0.00026999996043741703,1,1,0.04945267364382744,0.04682111367583275
AirQuality,2,"[1, 2]",37,48,"{1: (2, 4), 2: (1, 4)}",2,0.0008073339704424143,3,2,0.011851627379655838,0.011160057969391346
AirQuality,2,"[1, 2]",34,50,"{1: (1, 4), 2: (0, 3)}",2,0.0016242089914157987,7,4,0.012169492430984974,0.012162481434643269
AirQuality,2,"[1, 2]",41,57,"{1: (1, 3), 2: (0, 3)}",3,0.0023837500484660268,10,4,0.002155615482479334,0.0021251775324344635
AirQuality,2,"[1, 2]",38,50,"{1: (2, 4), 2: (0, 4)}",3,0.0003826250322163105,1,0,0.011997116729617119,0.011859817430377007
AirQuality,2,"[1, 2]",18,31,"{1: (2, 4), 2: (1, 3)}",1,0.0005143750458955765,2,2,0.002044528257101774,0.002044528955593705
AirQuality,2,"[1, 2]",39,49,"{1: (1, 4), 2: (1, 4)}",3,0.002286874921992421,10,0,0.015174368396401405,0.015096418559551239
